operationId,auctionStatus,operationDate,settlementDate,maturityDate,Type,operationMethod,settlementType,termCalenderDays,term,releaseTime,closeTime,note,lastUpdated,Participating Cpty,Accepted Cpty,totalAmtSubmitted,Total Volume,details,propositions,Date
RP 020124 1,Results,2024-02-01,2024-02-01,2024-02-02,Reverse Repo,Fixed Rate,Same Day,1,Overnight,12:45,13:15,,2024-02-01 13:15:52,74,74,503548000000,503548000000,"[{'securityType': 'Treasury', 'amtSubmitted': 503548000000, 'amtAccepted': 503548000000, 'percentOfferingRate': 5.3, 'percentAwardRate': 5.3}]","[{'counterpartyType': 'bank', 'amtAccepted': 0}, {'counterpartyType': 'gse', 'amtAccepted': 25855000000}, {'counterpartyType': 'mmf', 'amtAccepted': 477693000000}, {'counterpartyType': 'pd', 'amtAccepted': 0}]",2024-02-01
RP 013124 1,Results,2024-01-31,2024-01-31,2024-02-01,Reverse Repo,Fixed Rate,Same Day,1,Overnight,12:45,13:15,,2024-01-31 13:15:52,82,82,615379000000,615379000000,"[{'securityType': 'Treasury', 'amtSubmitted': 615379000000, 'amtAccepted': 615379000000, 'percentOfferingRate': 5.3, 'percentAwardRate': 5.3}]","[{'counterpartyType': 'bank', 'amtAccepted': 0}, {'counterpartyType': 'gse', 'amtAccepted': 31940000000}, {'counterpartyType': 'mmf', 'amtAccepted': 583439000000}, {'counterpartyType': 'pd', 'amtAccepted': 0}]",2024-01-31
RP 013024 1,Results,2024-01-30,2024-01-30,2024-01-31,Reverse Repo,Fixed Rate,Same Day,1,Overnight,12:45,13:15,,2024-01-30 13:15:55,78,78,577755000000,577755000000,"[{'securityType': 'Treasury', 'amtSubmitted': 577755000000, 'amtAccepted': 577755000000, 'percentOfferingRate': 5.3, 'percentAwardRate': 5.3}]","[{'counterpartyType': 'bank', 'amtAccepted': 1000000}, {'counterpartyType': 'gse', 'amtAccepted': 26300000000}, {'counterpartyType': 'mmf', 'amtAccepted': 551453000000}, {'counterpartyType': 'pd', 'amtAccepted': 1000000}]",2024-01-30
RP 012924 1,Results,2024-01-29,2024-01-29,2024-01-30,Reverse Repo,Fixed Rate,Same Day,1,Overnight,12:45,13:15,,2024-01-29 13:18:47,81,81,581410000000,581410000000,"[{'securityType': 'Treasury', 'amtSubmitted': 581410000000, 'amtAccepted': 581410000000, 'percentOfferingRate': 5.3, 'percentAwardRate': 5.3}]","[{'counterpartyType': 'bank', 'amtAccepted': 1501000000}, {'counterpartyType': 'gse', 'amtAccepted': 33547000000}, {'counterpartyType': 'mmf', 'amtAccepted': 545362000000}, {'counterpartyType': 'pd', 'amtAccepted': 1000000000}]",2024-01-29
RP 012624 1,Results,2024-01-26,2024-01-26,2024-01-29,Reverse Repo,Fixed Rate,Same Day,3,Overnight,12:45,13:15,,2024-01-26 13:15:59,77,77,570828000000,570828000000,"[{'securityType': 'Treasury', 'amtSubmitted': 570828000000, 'amtAccepted': 570828000000, 'percentOfferingRate': 5.3, 'percentAwardRate': 5.3}]","[{'counterpartyType': 'bank', 'amtAccepted': 0}, {'counterpartyType': 'gse', 'amtAccepted': 27155000000}, {'counterpartyType': 'mmf', 'amtAccepted': 543673000000}, {'counterpartyType': 'pd', 'amtAccepted': 0}]",2024-01-26
RP 012524 1,Results,2024-01-25,2024-01-25,2024-01-26,Reverse Repo,Fixed Rate,Same Day,1,Overnight,12:45,13:15,,2024-01-25 13:15:42,82,82,557687000000,557687000000,"[{'securityType': 'Treasury', 'amtSubmitted': 557687000000, 'amtAccepted': 557687000000, 'percentOfferingRate': 5.3, 'percentAwardRate': 5.3}]","[{'counterpartyType': 'bank', 'amtAccepted': 0}, {'counterpartyType': 'gse', 'amtAccepted': 29755000000}, {'counterpartyType': 'mmf', 'amtAccepted': 527932000000}, {'counterpartyType': 'pd', 'amtAccepted': 0}]",2024-01-25
RP 012424 1,Results,2024-01-24,2024-01-24,2024-01-25,Reverse Repo,Fixed Rate,Same Day,1,Overnight,12:45,13:15,,2024-01-24 13:15:47,83,83,639560000000,639560000000,"[{'securityType': 'Treasury', 'amtSubmitted': 639560000000, 'amtAccepted': 639560000000, 'percentOfferingRate': 5.3, 'percentAwardRate': 5.3}]","[{'counterpartyType': 'bank', 'amtAccepted': 0}, {'counterpartyType': 'gse', 'amtAccepted': 29002000000}, {'counterpartyType': 'mmf', 'amtAccepted': 610258000000}, {'counterpartyType': 'pd', 'amtAccepted': 300000000}]",2024-01-24
RP 012324 1,Results,2024-01-23,2024-01-23,2024-01-24,Reverse Repo,Fixed Rate,Same Day,1,Overnight,12:45,13:15,,2024-01-23 13:16:01,82,82,621195000000,621195000000,"[{'securityType': 'Treasury', 'amtSubmitted': 621195000000, 'amtAccepted': 621195000000, 'percentOfferingRate': 5.3, 'percentAwardRate': 5.3}]","[{'counterpartyType': 'bank', 'amtAccepted': 0}, {'counterpartyType': 'gse', 'amtAccepted': 30625000000}, {'counterpartyType': 'mmf', 'amtAccepted': 590570000000}, {'counterpartyType': 'pd', 'amtAccepted': 0}]",2024-01-23
RP 012224 1,Results,2024-01-22,2024-01-22,2024-01-23,Reverse Repo,Fixed Rate,Same Day,1,Overnight,12:45,13:15,,2024-01-22 13:15:37,84,84,647103000000,647103000000,"[{'securityType': 'Treasury', 'amtSubmitted': 647103000000, 'amtAccepted': 647103000000, 'percentOfferingRate': 5.3, 'percentAwardRate': 5.3}]","[{'counterpartyType': 'bank', 'amtAccepted': 2400000000}, {'counterpartyType': 'gse', 'amtAccepted': 33650000000}, {'counterpartyType': 'mmf', 'amtAccepted': 610553000000}, {'counterpartyType': 'pd', 'amtAccepted': 500000000}]",2024-01-22
RP 011924 1,Results,2024-01-19,2024-01-19,2024-01-22,Reverse Repo,Fixed Rate,Same Day,3,Overnight,12:45,13:15,,2024-01-19 13:15:49,79,79,625182000000,625182000000,"[{'securityType': 'Treasury', 'amtSubmitted': 625182000000, 'amtAccepted': 625182000000, 'percentOfferingRate': 5.3, 'percentAwardRate': 5.3}]","[{'counterpartyType': 'bank', 'amtAccepted': 0}, {'counterpartyType': 'gse', 'amtAccepted': 35775000000}, {'counterpartyType': 'mmf', 'amtAccepted': 589407000000}, {'counterpartyType': 'pd', 'amtAccepted': 0}]",2024-01-19
RP 011824 1,Results,2024-01-18,2024-01-18,2024-01-19,Reverse Repo,Fixed Rate,Same Day,1,Overnight,12:45,13:15,,2024-01-18 13:15:39,81,81,618234000000,618234000000,"[{'securityType': 'Treasury', 'amtSubmitted': 618234000000, 'amtAccepted': 618234000000, 'percentOfferingRate': 5.3, 'percentAwardRate': 5.3}]","[{'counterpartyType': 'bank', 'amtAccepted': 1000000}, {'counterpartyType': 'gse', 'amtAccepted': 34242000000}, {'counterpartyType': 'mmf', 'amtAccepted': 583991000000}, {'counterpartyType': 'pd', 'amtAccepted': 0}]",2024-01-18
RP 011724 1,Results,2024-01-17,2024-01-17,2024-01-18,Reverse Repo,Fixed Rate,Same Day,1,Overnight,12:45,13:15,,2024-01-17 13:15:40,77,77,590191000000,590191000000,"[{'securityType': 'Treasury', 'amtSubmitted': 590191000000, 'amtAccepted': 590191000000, 'percentOfferingRate': 5.3, 'percentAwardRate': 5.3}]","[{'counterpartyType': 'bank', 'amtAccepted': 1000000}, {'counterpartyType': 'gse', 'amtAccepted': 32150000000}, {'counterpartyType': 'mmf', 'amtAccepted': 558040000000}, {'counterpartyType': 'pd', 'amtAccepted': 0}]",2024-01-17
RP 011624 1,Results,2024-01-16,2024-01-16,2024-01-17,Reverse Repo,Fixed Rate,Same Day,1,Overnight,12:45,13:15,,2024-01-16 13:15:44,65,65,583103000000,583103000000,"[{'securityType': 'Treasury', 'amtSubmitted': 583103000000, 'amtAccepted': 583103000000, 'percentOfferingRate': 5.3, 'percentAwardRate': 5.3}]","[{'counterpartyType': 'bank', 'amtAccepted': 0}, {'counterpartyType': 'gse', 'amtAccepted': 29525000000}, {'counterpartyType': 'mmf', 'amtAccepted': 553578000000}, {'counterpartyType': 'pd', 'amtAccepted': 0}]",2024-01-16
RP 011224 1,Results,2024-01-12,2024-01-12,2024-01-16,Reverse Repo,Fixed Rate,Same Day,4,Overnight,12:45,13:15,,2024-01-12 13:15:54,70,70,603116000000,603116000000,"[{'securityType': 'Treasury', 'amtSubmitted': 603116000000, 'amtAccepted': 603116000000, 'percentOfferingRate': 5.3, 'percentAwardRate': 5.3}]","[{'counterpartyType': 'bank', 'amtAccepted': 0}, {'counterpartyType': 'gse', 'amtAccepted': 29800000000}, {'counterpartyType': 'mmf', 'amtAccepted': 573316000000}, {'counterpartyType': 'pd', 'amtAccepted': 0}]",2024-01-12
RP 011124 1,Results,2024-01-11,2024-01-11,2024-01-12,Reverse Repo,Fixed Rate,Same Day,1,Overnight,12:45,13:15,,2024-01-11 13:15:52,76,76,626370000000,626370000000,"[{'securityType': 'Treasury', 'amtSubmitted': 626370000000, 'amtAccepted': 626370000000, 'percentOfferingRate': 5.3, 'percentAwardRate': 5.3}]","[{'counterpartyType': 'bank', 'amtAccepted': 0}, {'counterpartyType': 'gse', 'amtAccepted': 31600000000}, {'counterpartyType': 'mmf', 'amtAccepted': 594770000000}, {'counterpartyType': 'pd', 'amtAccepted': 0}]",2024-01-11
RP 011024 1,Results,2024-01-10,2024-01-10,2024-01-11,Reverse Repo,Fixed Rate,Same Day,1,Overnight,12:45,13:15,,2024-01-10 13:15:40,79,79,679961000000,679961000000,"[{'securityType': 'Treasury', 'amtSubmitted': 679961000000, 'amtAccepted': 679961000000, 'percentOfferingRate': 5.3, 'percentAwardRate': 5.3}]","[{'counterpartyType': 'bank', 'amtAccepted': 0}, {'counterpartyType': 'gse', 'amtAccepted': 26850000000}, {'counterpartyType': 'mmf', 'amtAccepted': 653111000000}, {'counterpartyType': 'pd', 'amtAccepted': 0}]",2024-01-10
RP 010924 1,Results,2024-01-09,2024-01-09,2024-01-10,Reverse Repo,Fixed Rate,Same Day,1,Overnight,12:45,13:15,,2024-01-09 13:15:42,72,72,676050000000,676050000000,"[{'securityType': 'Treasury', 'amtSubmitted': 676050000000, 'amtAccepted': 676050000000, 'percentOfferingRate': 5.3, 'percentAwardRate': 5.3}]","[{'counterpartyType': 'bank', 'amtAccepted': 0}, {'counterpartyType': 'gse', 'amtAccepted': 29375000000}, {'counterpartyType': 'mmf', 'amtAccepted': 646675000000}, {'counterpartyType': 'pd', 'amtAccepted': 0}]",2024-01-09
RP 010824 1,Results,2024-01-08,2024-01-08,2024-01-09,Reverse Repo,Fixed Rate,Same Day,1,Overnight,12:45,13:15,,2024-01-08 13:15:42,78,78,691485000000,691485000000,"[{'securityType': 'Treasury', 'amtSubmitted': 691485000000, 'amtAccepted': 691485000000, 'percentOfferingRate': 5.3, 'percentAwardRate': 5.3}]","[{'counterpartyType': 'bank', 'amtAccepted': 0}, {'counterpartyType': 'gse', 'amtAccepted': 28150000000}, {'counterpartyType': 'mmf', 'amtAccepted': 663335000000}, {'counterpartyType': 'pd', 'amtAccepted': 0}]",2024-01-08
RP 010524 1,Results,2024-01-05,2024-01-05,2024-01-08,Reverse Repo,Fixed Rate,Same Day,3,Overnight,12:45,13:15,,2024-01-05 13:15:49,83,83,694478000000,694478000000,"[{'securityType': 'Treasury', 'amtSubmitted': 694478000000, 'amtAccepted': 694478000000, 'percentOfferingRate': 5.3, 'percentAwardRate': 5.3}]","[{'counterpartyType': 'bank', 'amtAccepted': 0}, {'counterpartyType': 'gse', 'amtAccepted': 31475000000}, {'counterpartyType': 'mmf', 'amtAccepted': 663003000000}, {'counterpartyType': 'pd', 'amtAccepted': 0}]",2024-01-05
RP 010424 1,Results,2024-01-04,2024-01-04,2024-01-05,Reverse Repo,Fixed Rate,Same Day,1,Overnight,12:45,13:15,,2024-01-04 13:15:58,78,78,664899000000,664899000000,"[{'securityType': 'Treasury', 'amtSubmitted': 664899000000, 'amtAccepted': 664899000000, 'percentOfferingRate': 5.3, 'percentAwardRate': 5.3}]","[{'counterpartyType': 'bank', 'amtAccepted': 0}, {'counterpartyType': 'gse', 'amtAccepted': 30780000000}, {'counterpartyType': 'mmf', 'amtAccepted': 634119000000}, {'counterpartyType': 'pd', 'amtAccepted': 0}]",2024-01-04
RP 010324 1,Results,2024-01-03,2024-01-03,2024-01-04,Reverse Repo,Fixed Rate,Same Day,1,Overnight,12:45,13:15,,2024-01-03 13:15:42,79,79,719897000000,719897000000,"[{'securityType': 'Treasury', 'amtSubmitted': 719897000000, 'amtAccepted': 719897000000, 'percentOfferingRate': 5.3, 'percentAwardRate': 5.3}]","[{'counterpartyType': 'bank', 'amtAccepted': 0}, {'counterpartyType': 'gse', 'amtAccepted': 25100000000}, {'counterpartyType': 'mmf', 'amtAccepted': 694797000000}, {'counterpartyType': 'pd', 'amtAccepted': 0}]",2024-01-03
RP 010224 1,Results,2024-01-02,2024-01-02,2024-01-03,Reverse Repo,Fixed Rate,Same Day,1,Overnight,12:45,13:15,,2024-01-02 13:17:07,78,78,704864000000,704864000000,"[{'securityType': 'Treasury', 'amtSubmitted': 704864000000, 'amtAccepted': 704864000000, 'percentOfferingRate': 5.3, 'percentAwardRate': 5.3}]","[{'counterpartyType': 'bank', 'amtAccepted': 0}, {'counterpartyType': 'gse', 'amtAccepted': 27250000000}, {'counterpartyType': 'mmf', 'amtAccepted': 677614000000}, {'counterpartyType': 'pd', 'amtAccepted': 0}]",2024-01-02
