month,1st,2nd,3rd,2nd - 1st,3rd - 2nd,3rd - 1st,val2_first_vintage,vintage_completeness,1st_vintage_key,revision1,revision2
1990-01-01,275.0,332.0,361.0,57.0,29.0,86.0,109823.0,3 vintage(s),1990-02-02,,
1990-02-01,372.0,356.0,373.0,-16.0,17.0,1.0,110274.0,3 vintage(s),1990-03-09,57.0,
1990-03-01,26.0,103.0,123.0,77.0,20.0,97.0,110313.0,3 vintage(s),1990-04-06,-16.0,29.0
1990-04-01,64.0,-23.0,-26.0,-87.0,-3.0,-90.0,110471.0,3 vintage(s),1990-05-04,77.0,17.0
1990-05-01,164.0,356.0,369.0,192.0,13.0,205.0,110568.0,3 vintage(s),1990-06-01,-87.0,20.0
1990-06-01,40.0,155.0,212.0,115.0,57.0,172.0,110797.0,3 vintage(s),1990-07-06,192.0,-3.0
1990-07-01,-219.0,-89.0,-89.0,130.0,0.0,130.0,110706.0,3 vintage(s),1990-08-03,115.0,13.0
1990-08-01,-75.0,-83.0,-127.0,-8.0,-44.0,-52.0,110665.0,3 vintage(s),1990-09-07,130.0,57.0
1990-09-01,-101.0,-52.0,-1.0,49.0,51.0,100.0,110556.0,3 vintage(s),1990-10-05,-8.0,0.0
1990-10-01,-68.0,-178.0,-180.0,-110.0,-2.0,-112.0,110493.0,3 vintage(s),1990-11-02,49.0,-44.0
1990-11-01,-267.0,-259.0,-267.0,8.0,-8.0,0.0,110167.0,3 vintage(s),1990-12-07,-110.0,51.0
1990-12-01,-76.0,-148.0,-161.0,-72.0,-13.0,-85.0,110097.0,3 vintage(s),1991-01-04,8.0,-2.0
1991-01-01,-232.0,-233.0,-191.0,-1.0,42.0,41.0,109785.0,3 vintage(s),1991-02-01,-72.0,-8.0
1991-02-01,-184.0,-291.0,-286.0,-107.0,5.0,-102.0,109587.0,3 vintage(s),1991-03-08,-1.0,-13.0
1991-03-01,-206.0,-241.0,-258.0,-35.0,-17.0,-52.0,109316.0,3 vintage(s),1991-04-05,-107.0,42.0
1991-04-01,-124.0,-180.0,-166.0,-56.0,14.0,-42.0,109162.0,3 vintage(s),1991-05-03,-35.0,5.0
1991-05-01,59.0,119.0,151.0,60.0,32.0,92.0,108781.0,3 vintage(s),1991-06-07,-56.0,-17.0
1991-06-01,-50.0,-21.0,-2.0,29.0,19.0,48.0,108805.0,3 vintage(s),1991-07-05,60.0,14.0
1991-07-01,-51.0,-73.0,-26.0,-22.0,47.0,25.0,108815.0,3 vintage(s),1991-08-02,29.0,32.0
1991-08-01,34.0,77.0,112.0,43.0,35.0,78.0,108846.0,3 vintage(s),1991-09-06,-22.0,19.0
1991-09-01,24.0,48.0,95.0,24.0,47.0,71.0,108960.0,3 vintage(s),1991-10-04,43.0,47.0
1991-10-01,-1.0,4.0,7.0,5.0,3.0,8.0,109018.0,3 vintage(s),1991-11-01,24.0,35.0
1991-11-01,-241.0,-265.0,-230.0,-24.0,35.0,11.0,108829.0,3 vintage(s),1991-12-06,5.0,47.0
1991-12-01,31.0,3.0,39.0,-28.0,36.0,8.0,108839.0,3 vintage(s),1992-01-10,-24.0,3.0
1992-01-01,-91.0,-149.0,-122.0,-58.0,27.0,-31.0,108755.0,3 vintage(s),1992-02-07,-28.0,35.0
1992-02-01,164.0,107.0,106.0,-57.0,-1.0,-58.0,108897.0,3 vintage(s),1992-03-06,-58.0,36.0
1992-03-01,19.0,39.0,58.0,20.0,19.0,39.0,108886.0,3 vintage(s),1992-04-03,-57.0,27.0
1992-04-01,126.0,182.0,177.0,56.0,-5.0,51.0,109031.0,3 vintage(s),1992-05-08,20.0,-1.0
1992-05-01,68.0,93.0,119.0,25.0,26.0,51.0,108450.0,3 vintage(s),1992-06-05,56.0,19.0
1992-06-01,-117.0,-63.0,-73.0,54.0,-10.0,44.0,108353.0,3 vintage(s),1992-07-02,25.0,-5.0
1992-07-01,198.0,177.0,171.0,-21.0,-6.0,-27.0,108631.0,3 vintage(s),1992-08-07,54.0,26.0
1992-08-01,-83.0,-128.0,-109.0,-45.0,19.0,-26.0,108517.0,3 vintage(s),1992-09-04,-21.0,-10.0
1992-09-01,-57.0,-72.0,12.0,-15.0,84.0,69.0,108409.0,3 vintage(s),1992-10-02,-45.0,-6.0
1992-10-01,27.0,34.0,74.0,7.0,40.0,47.0,108440.0,3 vintage(s),1992-11-06,-15.0,19.0
1992-11-01,105.0,76.0,75.0,-29.0,-1.0,-30.0,108636.0,3 vintage(s),1992-12-04,7.0,84.0
1992-12-01,64.0,90.0,106.0,26.0,16.0,42.0,108711.0,3 vintage(s),1993-01-08,-29.0,40.0
1993-01-01,106.0,44.0,113.0,-62.0,69.0,7.0,108842.0,3 vintage(s),1993-02-05,26.0,-1.0
1993-02-01,365.0,367.0,338.0,2.0,-29.0,-27.0,109161.0,3 vintage(s),1993-03-05,-62.0,16.0
1993-03-01,-22.0,-9.0,26.0,13.0,35.0,48.0,109210.0,3 vintage(s),1993-04-02,2.0,69.0
1993-04-01,119.0,216.0,255.0,97.0,39.0,136.0,109313.0,3 vintage(s),1993-05-07,13.0,-29.0
1993-05-01,209.0,215.0,238.0,6.0,23.0,29.0,109990.0,3 vintage(s),1993-06-04,97.0,35.0
1993-06-01,13.0,44.0,43.0,31.0,-1.0,30.0,110048.0,3 vintage(s),1993-07-02,6.0,39.0
1993-07-01,162.0,211.0,237.0,49.0,26.0,75.0,110264.0,3 vintage(s),1993-08-06,31.0,23.0
1993-08-01,-39.0,-41.0,-33.0,-2.0,8.0,6.0,110273.0,3 vintage(s),1993-09-03,49.0,-1.0
1993-09-01,156.0,162.0,197.0,6.0,35.0,41.0,110453.0,3 vintage(s),1993-10-08,-2.0,26.0
1993-10-01,177.0,147.0,162.0,-30.0,15.0,-15.0,110644.0,3 vintage(s),1993-11-05,6.0,8.0
1993-11-01,208.0,202.0,216.0,-6.0,14.0,8.0,110857.0,3 vintage(s),1993-12-03,-30.0,35.0
1993-12-01,183.0,190.0,230.0,7.0,40.0,47.0,111049.0,3 vintage(s),1994-01-07,-6.0,15.0
1994-01-01,62.0,-2.0,-31.0,-64.0,-29.0,-93.0,111132.0,3 vintage(s),1994-02-04,7.0,14.0
1994-02-01,217.0,198.0,278.0,-19.0,80.0,61.0,111325.0,3 vintage(s),1994-03-04,-64.0,40.0
1994-03-01,456.0,464.0,379.0,8.0,-85.0,-77.0,111733.0,3 vintage(s),1994-04-01,-19.0,-29.0
1994-04-01,267.0,358.0,401.0,91.0,43.0,134.0,112088.0,3 vintage(s),1994-05-06,8.0,80.0
1994-05-01,191.0,252.0,252.0,61.0,0.0,61.0,112847.0,3 vintage(s),1994-06-03,91.0,-85.0
1994-06-01,379.0,356.0,383.0,-23.0,27.0,4.0,113330.0,3 vintage(s),1994-07-08,61.0,43.0
1994-07-01,259.0,251.0,290.0,-8.0,39.0,31.0,113566.0,3 vintage(s),1994-08-05,-23.0,0.0
1994-08-01,179.0,246.0,290.0,67.0,44.0,111.0,113764.0,3 vintage(s),1994-09-02,-8.0,27.0
1994-09-01,239.0,248.0,272.0,9.0,24.0,33.0,114109.0,3 vintage(s),1994-10-07,67.0,39.0
1994-10-01,194.0,164.0,162.0,-30.0,-2.0,-32.0,114356.0,3 vintage(s),1994-11-04,9.0,44.0
1994-11-01,350.0,488.0,534.0,138.0,46.0,184.0,114700.0,3 vintage(s),1994-12-02,-30.0,24.0
1994-12-01,256.0,210.0,231.0,-46.0,21.0,-25.0,115092.0,3 vintage(s),1995-01-06,138.0,-2.0
1995-01-01,134.0,176.0,169.0,42.0,-7.0,35.0,115226.0,3 vintage(s),1995-02-03,-46.0,46.0
1995-02-01,318.0,345.0,355.0,27.0,10.0,37.0,115607.0,3 vintage(s),1995-03-10,42.0,21.0
1995-03-01,203.0,177.0,179.0,-26.0,2.0,-24.0,115830.0,3 vintage(s),1995-04-07,27.0,-7.0
1995-04-01,-9.0,-7.0,8.0,2.0,15.0,17.0,115805.0,3 vintage(s),1995-05-05,-26.0,10.0
1995-05-01,-101.0,-46.0,-62.0,55.0,-16.0,39.0,116194.0,3 vintage(s),1995-06-02,2.0,2.0
1995-06-01,215.0,250.0,299.0,35.0,49.0,84.0,116479.0,3 vintage(s),1995-07-07,55.0,15.0
1995-07-01,55.0,6.0,28.0,-49.0,22.0,-27.0,116553.0,3 vintage(s),1995-08-04,35.0,-16.0
1995-08-01,249.0,262.0,263.0,13.0,1.0,14.0,116802.0,3 vintage(s),1995-09-01,-49.0,49.0
1995-09-01,121.0,50.0,94.0,-71.0,44.0,-27.0,116958.0,3 vintage(s),1995-10-06,13.0,22.0
1995-10-01,116.0,66.0,68.0,-50.0,2.0,-48.0,117004.0,3 vintage(s),1995-11-03,-71.0,1.0
1995-11-01,166.0,164.0,212.0,-2.0,48.0,46.0,117164.0,3 vintage(s),1995-12-08,-50.0,44.0
1995-12-01,151.0,161.0,145.0,10.0,-16.0,-6.0,117315.0,3 vintage(s),1996-01-19,-2.0,2.0
1996-01-01,-201.0,-188.0,-146.0,13.0,42.0,55.0,117172.0,3 vintage(s),1996-02-02,10.0,48.0
1996-02-01,705.0,624.0,631.0,-81.0,7.0,-74.0,117874.0,3 vintage(s),1996-03-08,13.0,-16.0
1996-03-01,140.0,178.0,158.0,38.0,-20.0,18.0,117975.0,3 vintage(s),1996-04-05,-81.0,42.0
1996-04-01,2.0,163.0,191.0,161.0,28.0,189.0,118022.0,3 vintage(s),1996-05-03,38.0,7.0
1996-05-01,348.0,365.0,407.0,17.0,42.0,59.0,119248.0,3 vintage(s),1996-06-07,161.0,-20.0
1996-06-01,239.0,220.0,219.0,-19.0,-1.0,-20.0,119532.0,3 vintage(s),1996-07-05,17.0,28.0
1996-07-01,193.0,228.0,235.0,35.0,7.0,42.0,119748.0,3 vintage(s),1996-08-02,-19.0,42.0
1996-08-01,250.0,257.0,280.0,7.0,23.0,30.0,120032.0,3 vintage(s),1996-09-06,35.0,-1.0
1996-09-01,-40.0,-35.0,-2.0,5.0,33.0,38.0,119989.0,3 vintage(s),1996-10-04,7.0,7.0
1996-10-01,210.0,224.0,261.0,14.0,37.0,51.0,120227.0,3 vintage(s),1996-11-01,5.0,23.0
1996-11-01,118.0,127.0,181.0,9.0,54.0,63.0,120392.0,3 vintage(s),1996-12-06,14.0,33.0
1996-12-01,262.0,261.0,231.0,-1.0,-30.0,-31.0,120700.0,3 vintage(s),1997-01-10,9.0,37.0
1997-01-01,271.0,247.0,259.0,-24.0,12.0,-12.0,121024.0,3 vintage(s),1997-02-07,-1.0,54.0
1997-02-01,339.0,293.0,314.0,-46.0,21.0,-25.0,121309.0,3 vintage(s),1997-03-07,-24.0,-30.0
1997-03-01,175.0,139.0,182.0,-36.0,43.0,7.0,121450.0,3 vintage(s),1997-04-04,-46.0,12.0
1997-04-01,142.0,323.0,327.0,181.0,4.0,185.0,121577.0,3 vintage(s),1997-05-02,-36.0,21.0
1997-05-01,138.0,166.0,163.0,28.0,-3.0,25.0,121805.0,3 vintage(s),1997-06-06,181.0,43.0
1997-06-01,217.0,228.0,222.0,11.0,-6.0,5.0,122054.0,3 vintage(s),1997-07-03,28.0,4.0
1997-07-01,316.0,365.0,384.0,49.0,19.0,68.0,122378.0,3 vintage(s),1997-08-01,11.0,-3.0
1997-08-01,49.0,40.0,52.0,-9.0,12.0,3.0,122470.0,3 vintage(s),1997-09-05,49.0,-6.0
1997-09-01,215.0,269.0,300.0,54.0,31.0,85.0,122695.0,3 vintage(s),1997-10-03,-9.0,19.0
1997-10-01,284.0,287.0,291.0,3.0,4.0,7.0,123045.0,3 vintage(s),1997-11-07,54.0,12.0
1997-11-01,404.0,412.0,429.0,8.0,17.0,25.0,123483.0,3 vintage(s),1997-12-05,3.0,31.0
1997-12-01,370.0,355.0,354.0,-15.0,-1.0,-16.0,123865.0,3 vintage(s),1998-01-09,8.0,4.0
1998-01-01,358.0,375.0,399.0,17.0,24.0,41.0,124225.0,3 vintage(s),1998-02-06,-15.0,17.0
1998-02-01,310.0,252.0,259.0,-58.0,7.0,-51.0,124551.0,3 vintage(s),1998-03-06,17.0,-1.0
1998-03-01,-36.0,-24.0,82.0,12.0,106.0,118.0,124481.0,3 vintage(s),1998-04-03,-58.0,24.0
1998-04-01,262.0,302.0,320.0,40.0,18.0,58.0,124762.0,3 vintage(s),1998-05-08,12.0,7.0
1998-05-01,296.0,309.0,328.0,13.0,19.0,32.0,125512.0,3 vintage(s),1998-06-05,40.0,106.0
1998-06-01,205.0,196.0,189.0,-9.0,-7.0,-16.0,125748.0,3 vintage(s),1998-07-02,13.0,18.0
1998-07-01,66.0,68.0,118.0,2.0,50.0,52.0,125824.0,3 vintage(s),1998-08-07,-9.0,19.0
1998-08-01,365.0,309.0,322.0,-56.0,13.0,-43.0,126184.0,3 vintage(s),1998-09-04,2.0,-7.0
1998-09-01,69.0,157.0,172.0,88.0,15.0,103.0,126247.0,3 vintage(s),1998-10-02,-56.0,50.0
1998-10-01,116.0,145.0,164.0,29.0,19.0,48.0,126464.0,3 vintage(s),1998-11-05,88.0,13.0
1998-11-01,267.0,251.0,277.0,-16.0,26.0,10.0,126775.0,3 vintage(s),1998-12-04,29.0,15.0
1998-12-01,378.0,298.0,314.0,-80.0,16.0,-64.0,127156.0,3 vintage(s),1999-01-08,-16.0,19.0
1999-01-01,245.0,217.0,217.0,-28.0,0.0,-28.0,127347.0,3 vintage(s),1999-02-05,-80.0,26.0
1999-02-01,275.0,297.0,335.0,22.0,38.0,60.0,127610.0,3 vintage(s),1999-03-05,-28.0,16.0
1999-03-01,46.0,7.0,83.0,-39.0,76.0,37.0,127678.0,3 vintage(s),1999-04-02,22.0,0.0
1999-04-01,234.0,343.0,321.0,109.0,-22.0,87.0,127911.0,3 vintage(s),1999-05-07,-39.0,38.0
1999-05-01,11.0,-5.0,28.0,-16.0,33.0,17.0,128167.0,3 vintage(s),1999-06-04,109.0,76.0
1999-06-01,268.0,273.0,281.0,5.0,8.0,13.0,128397.0,3 vintage(s),1999-07-02,-16.0,-22.0
1999-07-01,310.0,338.0,373.0,28.0,35.0,63.0,128745.0,3 vintage(s),1999-08-06,5.0,33.0
1999-08-01,124.0,103.0,129.0,-21.0,26.0,5.0,128905.0,3 vintage(s),1999-09-03,28.0,8.0
1999-09-01,-8.0,41.0,103.0,49.0,62.0,111.0,128911.0,3 vintage(s),1999-10-08,-21.0,35.0
1999-10-01,310.0,263.0,284.0,-47.0,21.0,-26.0,129296.0,3 vintage(s),1999-11-05,49.0,26.0
1999-11-01,234.0,222.0,257.0,-12.0,35.0,23.0,129545.0,3 vintage(s),1999-12-03,-47.0,62.0
1999-12-01,315.0,316.0,309.0,1.0,-7.0,-6.0,129869.0,3 vintage(s),2000-01-07,-12.0,21.0
2000-01-01,387.0,384.0,394.0,-3.0,10.0,7.0,130292.0,3 vintage(s),2000-02-04,1.0,35.0
2000-02-01,43.0,7.0,27.0,-36.0,20.0,-16.0,130325.0,3 vintage(s),2000-03-03,-3.0,-7.0
2000-03-01,416.0,458.0,527.0,42.0,69.0,111.0,130715.0,3 vintage(s),2000-04-07,-36.0,10.0
2000-04-01,340.0,414.0,410.0,74.0,-4.0,70.0,131117.0,3 vintage(s),2000-05-05,42.0,20.0
2000-05-01,231.0,171.0,171.0,-60.0,0.0,-60.0,131654.0,3 vintage(s),2000-06-02,74.0,69.0
2000-06-01,11.0,30.0,57.0,19.0,27.0,46.0,131601.0,3 vintage(s),2000-07-07,-60.0,-4.0
2000-07-01,-108.0,-51.0,-40.0,57.0,11.0,68.0,131512.0,3 vintage(s),2000-08-04,19.0,0.0
2000-08-01,-105.0,-91.0,-79.0,14.0,12.0,26.0,131491.0,3 vintage(s),2000-09-01,57.0,27.0
2000-09-01,252.0,195.0,195.0,-57.0,0.0,-57.0,131768.0,3 vintage(s),2000-10-06,14.0,11.0
2000-10-01,137.0,77.0,66.0,-60.0,-11.0,-71.0,131860.0,3 vintage(s),2000-11-03,-57.0,12.0
2000-11-01,94.0,59.0,53.0,-35.0,-6.0,-41.0,131894.0,3 vintage(s),2000-12-08,-60.0,0.0
2000-12-01,105.0,19.0,36.0,-86.0,17.0,-69.0,131953.0,3 vintage(s),2001-01-05,-35.0,-11.0
2001-01-01,268.0,224.0,289.0,-44.0,65.0,21.0,132129.0,3 vintage(s),2001-02-02,-86.0,-6.0
2001-02-01,135.0,140.0,136.0,5.0,-4.0,1.0,132237.0,3 vintage(s),2001-03-09,-44.0,17.0
2001-03-01,-86.0,-53.0,59.0,33.0,112.0,145.0,132221.0,3 vintage(s),2001-04-06,5.0,65.0
2001-04-01,-223.0,-182.0,-165.0,41.0,17.0,58.0,132027.0,3 vintage(s),2001-05-04,33.0,-4.0
2001-05-01,-19.0,8.0,41.0,27.0,33.0,60.0,132453.0,3 vintage(s),2001-06-01,41.0,112.0
2001-06-01,-114.0,-93.0,-99.0,21.0,-6.0,15.0,132383.0,3 vintage(s),2001-07-06,27.0,17.0
2001-07-01,-42.0,13.0,18.0,55.0,5.0,60.0,132395.0,3 vintage(s),2001-08-03,21.0,33.0
2001-08-01,-113.0,-84.0,-54.0,29.0,30.0,59.0,132331.0,3 vintage(s),2001-09-07,55.0,-6.0
2001-09-01,-199.0,-213.0,-165.0,-14.0,48.0,34.0,132166.0,3 vintage(s),2001-10-05,29.0,5.0
2001-10-01,-415.0,-468.0,-448.0,-53.0,20.0,-33.0,131767.0,3 vintage(s),2001-11-02,-14.0,30.0
2001-11-01,-331.0,-371.0,-355.0,-40.0,16.0,-24.0,131431.0,3 vintage(s),2001-12-07,-53.0,48.0
2001-12-01,-124.0,-130.0,-106.0,-6.0,24.0,18.0,131287.0,3 vintage(s),2002-01-04,-40.0,20.0
2002-01-01,-89.0,-126.0,-109.0,-37.0,17.0,-20.0,131208.0,3 vintage(s),2002-02-01,-6.0,16.0
2002-02-01,66.0,-2.0,-4.0,-68.0,-2.0,-70.0,131261.0,3 vintage(s),2002-03-08,-37.0,24.0
2002-03-01,58.0,-21.0,-5.0,-79.0,16.0,-63.0,131268.0,3 vintage(s),2002-04-05,-68.0,17.0
2002-04-01,43.0,6.0,-21.0,-37.0,-27.0,-64.0,131230.0,3 vintage(s),2002-05-03,-79.0,-2.0
2002-05-01,41.0,24.0,22.0,-17.0,-2.0,-19.0,130748.0,3 vintage(s),2002-06-07,-37.0,16.0
2002-06-01,36.0,66.0,34.0,30.0,-32.0,-2.0,130740.0,3 vintage(s),2002-07-05,-17.0,-27.0
2002-07-01,6.0,67.0,54.0,61.0,-13.0,48.0,130774.0,3 vintage(s),2002-08-02,30.0,-2.0
2002-08-01,39.0,107.0,123.0,68.0,16.0,84.0,130842.0,3 vintage(s),2002-09-06,61.0,-32.0
2002-09-01,-43.0,-13.0,-4.0,30.0,9.0,39.0,130854.0,3 vintage(s),2002-10-04,68.0,-13.0
2002-10-01,-5.0,6.0,69.0,11.0,63.0,74.0,130895.0,3 vintage(s),2002-11-01,30.0,16.0
2002-11-01,-40.0,-88.0,-81.0,-48.0,7.0,-41.0,130875.0,3 vintage(s),2002-12-06,11.0,9.0
2002-12-01,-101.0,-156.0,-147.0,-55.0,9.0,-46.0,130709.0,3 vintage(s),2003-01-10,-48.0,63.0
2003-01-01,143.0,185.0,203.0,42.0,18.0,60.0,130804.0,3 vintage(s),2003-02-07,-55.0,7.0
2003-02-01,-308.0,-357.0,-353.0,-49.0,4.0,-45.0,130547.0,3 vintage(s),2003-03-07,42.0,9.0
2003-03-01,-108.0,-124.0,-151.0,-16.0,-27.0,-43.0,130408.0,3 vintage(s),2003-04-04,-49.0,18.0
2003-04-01,-48.0,0.0,-22.0,48.0,-22.0,26.0,130348.0,3 vintage(s),2003-05-02,-16.0,4.0
2003-05-01,-17.0,-70.0,-76.0,-53.0,-6.0,-59.0,130067.0,3 vintage(s),2003-06-06,48.0,-27.0
2003-06-01,-30.0,-72.0,-83.0,-42.0,-11.0,-53.0,129962.0,3 vintage(s),2003-07-03,-53.0,-22.0
2003-07-01,-44.0,-49.0,-57.0,-5.0,-8.0,-13.0,129870.0,3 vintage(s),2003-08-01,-42.0,-6.0
2003-08-01,-93.0,-41.0,35.0,52.0,76.0,128.0,129761.0,3 vintage(s),2003-09-05,-5.0,-11.0
2003-09-01,57.0,125.0,99.0,68.0,-26.0,42.0,129862.0,3 vintage(s),2003-10-03,52.0,-8.0
2003-10-01,126.0,137.0,100.0,11.0,-37.0,-26.0,130132.0,3 vintage(s),2003-11-07,68.0,76.0
2003-11-01,57.0,43.0,83.0,-14.0,40.0,26.0,130174.0,3 vintage(s),2003-12-05,11.0,-26.0
2003-12-01,1.0,16.0,8.0,15.0,-8.0,7.0,130124.0,3 vintage(s),2004-01-09,-14.0,-37.0
2004-01-01,112.0,97.0,159.0,-15.0,62.0,47.0,130155.0,3 vintage(s),2004-02-06,15.0,40.0
2004-02-01,21.0,46.0,83.0,25.0,37.0,62.0,130153.0,3 vintage(s),2004-03-05,-15.0,-8.0
2004-03-01,308.0,337.0,353.0,29.0,16.0,45.0,130548.0,3 vintage(s),2004-04-02,25.0,62.0
2004-04-01,288.0,346.0,324.0,58.0,-22.0,36.0,130902.0,3 vintage(s),2004-05-07,29.0,37.0
2004-05-01,248.0,235.0,208.0,-13.0,-27.0,-40.0,131224.0,3 vintage(s),2004-06-04,58.0,16.0
2004-06-01,112.0,78.0,96.0,-34.0,18.0,-16.0,131301.0,3 vintage(s),2004-07-02,-13.0,-22.0
2004-07-01,32.0,73.0,85.0,41.0,12.0,53.0,131272.0,3 vintage(s),2004-08-06,-34.0,-27.0
2004-08-01,144.0,128.0,198.0,-16.0,70.0,54.0,131475.0,3 vintage(s),2004-09-03,41.0,18.0
2004-09-01,96.0,139.0,119.0,43.0,-20.0,23.0,131567.0,3 vintage(s),2004-10-08,-16.0,12.0
2004-10-01,337.0,303.0,312.0,-34.0,9.0,-25.0,132017.0,3 vintage(s),2004-11-05,43.0,70.0
2004-11-01,112.0,137.0,132.0,25.0,-5.0,20.0,132075.0,3 vintage(s),2004-12-03,-34.0,-20.0
2004-12-01,157.0,133.0,155.0,-24.0,22.0,-2.0,132266.0,3 vintage(s),2005-01-07,25.0,9.0
2005-01-01,146.0,132.0,124.0,-14.0,-8.0,-22.0,132573.0,3 vintage(s),2005-02-04,-24.0,-5.0
2005-02-01,262.0,243.0,300.0,-19.0,57.0,38.0,132843.0,3 vintage(s),2005-03-04,-14.0,22.0
2005-03-01,110.0,146.0,122.0,36.0,-24.0,12.0,132926.0,3 vintage(s),2005-04-01,-19.0,-8.0
2005-04-01,274.0,274.0,292.0,0.0,18.0,18.0,133293.0,3 vintage(s),2005-05-06,36.0,57.0
2005-05-01,78.0,104.0,126.0,26.0,22.0,48.0,133347.0,3 vintage(s),2005-06-03,0.0,-24.0
2005-06-01,146.0,166.0,175.0,20.0,9.0,29.0,133537.0,3 vintage(s),2005-07-08,26.0,18.0
2005-07-01,207.0,242.0,277.0,35.0,35.0,70.0,133786.0,3 vintage(s),2005-08-05,20.0,22.0
2005-08-01,169.0,211.0,148.0,42.0,-63.0,-21.0,133999.0,3 vintage(s),2005-09-02,35.0,9.0
2005-09-01,-35.0,-8.0,17.0,27.0,25.0,52.0,134041.0,3 vintage(s),2005-10-07,42.0,35.0
2005-10-01,56.0,44.0,25.0,-12.0,-19.0,-31.0,134061.0,3 vintage(s),2005-11-04,27.0,-63.0
2005-11-01,215.0,305.0,354.0,90.0,49.0,139.0,134289.0,3 vintage(s),2005-12-02,-12.0,25.0
2005-12-01,108.0,140.0,145.0,32.0,5.0,37.0,134468.0,3 vintage(s),2006-01-06,90.0,-19.0
2006-01-01,193.0,170.0,154.0,-23.0,-16.0,-39.0,134564.0,3 vintage(s),2006-02-03,32.0,49.0
2006-02-01,243.0,225.0,200.0,-18.0,-25.0,-43.0,134789.0,3 vintage(s),2006-03-10,-23.0,5.0
2006-03-01,211.0,200.0,175.0,-11.0,-25.0,-36.0,134966.0,3 vintage(s),2006-04-07,-18.0,-16.0
2006-04-01,138.0,126.0,112.0,-12.0,-14.0,-26.0,135068.0,3 vintage(s),2006-05-05,-11.0,-25.0
2006-05-01,75.0,92.0,100.0,17.0,8.0,25.0,135106.0,3 vintage(s),2006-06-02,-12.0,-25.0
2006-06-01,121.0,124.0,134.0,3.0,10.0,13.0,135230.0,3 vintage(s),2006-07-07,17.0,-14.0
2006-07-01,113.0,121.0,123.0,8.0,2.0,10.0,135354.0,3 vintage(s),2006-08-04,3.0,8.0
2006-08-01,128.0,188.0,230.0,60.0,42.0,102.0,135500.0,3 vintage(s),2006-09-01,8.0,10.0
2006-09-01,51.0,148.0,203.0,97.0,55.0,152.0,135613.0,3 vintage(s),2006-10-06,60.0,2.0
2006-10-01,92.0,79.0,86.0,-13.0,7.0,-6.0,135844.0,3 vintage(s),2006-11-03,97.0,42.0
2006-11-01,132.0,154.0,196.0,22.0,42.0,64.0,136018.0,3 vintage(s),2006-12-08,-13.0,55.0
2006-12-01,167.0,206.0,226.0,39.0,20.0,59.0,136214.0,3 vintage(s),2007-01-05,22.0,7.0
2007-01-01,111.0,146.0,162.0,35.0,16.0,51.0,137258.0,3 vintage(s),2007-02-02,39.0,42.0
2007-02-01,97.0,113.0,90.0,16.0,-23.0,-7.0,137410.0,3 vintage(s),2007-03-09,35.0,20.0
2007-03-01,180.0,177.0,175.0,-3.0,-2.0,-5.0,137622.0,3 vintage(s),2007-04-06,16.0,16.0
2007-04-01,88.0,80.0,122.0,-8.0,42.0,34.0,137684.0,3 vintage(s),2007-05-04,-3.0,-23.0
2007-05-01,157.0,190.0,188.0,33.0,-2.0,31.0,137831.0,3 vintage(s),2007-06-01,-8.0,-2.0
2007-06-01,132.0,126.0,69.0,-6.0,-57.0,-63.0,138038.0,3 vintage(s),2007-07-06,33.0,42.0
2007-07-01,92.0,68.0,93.0,-24.0,25.0,1.0,138122.0,3 vintage(s),2007-08-03,-6.0,-2.0
2007-08-01,-4.0,89.0,93.0,93.0,4.0,97.0,138037.0,3 vintage(s),2007-09-07,-24.0,-57.0
2007-09-01,110.0,96.0,44.0,-14.0,-52.0,-66.0,138265.0,3 vintage(s),2007-10-05,93.0,25.0
2007-10-01,166.0,170.0,159.0,4.0,-11.0,-7.0,138421.0,3 vintage(s),2007-11-02,-14.0,4.0
2007-11-01,94.0,115.0,60.0,21.0,-55.0,-34.0,138467.0,3 vintage(s),2007-12-07,4.0,-52.0
2007-12-01,18.0,82.0,41.0,64.0,-41.0,23.0,138495.0,3 vintage(s),2008-01-04,21.0,-11.0
2008-01-01,-17.0,-22.0,-76.0,-5.0,-54.0,-59.0,138102.0,3 vintage(s),2008-02-01,64.0,-55.0
2008-02-01,-63.0,-76.0,-83.0,-13.0,-7.0,-20.0,137993.0,3 vintage(s),2008-03-07,-5.0,-41.0
2008-03-01,-80.0,-81.0,-88.0,-1.0,-7.0,-8.0,137846.0,3 vintage(s),2008-04-04,-13.0,-54.0
2008-04-01,-20.0,-28.0,-67.0,-8.0,-39.0,-47.0,137818.0,3 vintage(s),2008-05-02,-1.0,-7.0
2008-05-01,-49.0,-62.0,-47.0,-13.0,15.0,2.0,137754.0,3 vintage(s),2008-06-06,-8.0,-7.0
2008-06-01,-62.0,-51.0,-100.0,11.0,-49.0,-38.0,137640.0,3 vintage(s),2008-07-03,-13.0,-39.0
2008-07-01,-51.0,-60.0,-67.0,-9.0,-7.0,-16.0,137615.0,3 vintage(s),2008-08-01,11.0,15.0
2008-08-01,-84.0,-73.0,-127.0,11.0,-54.0,-43.0,137473.0,3 vintage(s),2008-09-05,-9.0,-49.0
2008-09-01,-159.0,-284.0,-403.0,-125.0,-119.0,-244.0,137318.0,3 vintage(s),2008-10-03,11.0,-7.0
2008-10-01,-240.0,-320.0,-423.0,-80.0,-103.0,-183.0,136899.0,3 vintage(s),2008-11-07,-125.0,-54.0
2008-11-01,-533.0,-584.0,-597.0,-51.0,-13.0,-64.0,136167.0,3 vintage(s),2008-12-05,-80.0,-119.0
2008-12-01,-524.0,-577.0,-681.0,-53.0,-104.0,-157.0,135489.0,3 vintage(s),2009-01-09,-51.0,-103.0
2009-01-01,-598.0,-655.0,-741.0,-57.0,-86.0,-143.0,134580.0,3 vintage(s),2009-02-06,-53.0,-13.0
2009-02-01,-651.0,-651.0,-681.0,0.0,-30.0,-30.0,133768.0,3 vintage(s),2009-03-06,-57.0,-104.0
2009-03-01,-663.0,-699.0,-652.0,-36.0,47.0,11.0,133019.0,3 vintage(s),2009-04-03,0.0,-86.0
2009-04-01,-539.0,-504.0,-519.0,35.0,-15.0,20.0,132414.0,3 vintage(s),2009-05-08,-36.0,-30.0
2009-05-01,-345.0,-322.0,-303.0,23.0,19.0,42.0,132151.0,3 vintage(s),2009-06-05,35.0,47.0
2009-06-01,-467.0,-443.0,-463.0,24.0,-20.0,4.0,131692.0,3 vintage(s),2009-07-02,23.0,-15.0
2009-07-01,-247.0,-276.0,-304.0,-29.0,-28.0,-57.0,131488.0,3 vintage(s),2009-08-07,24.0,19.0
2009-08-01,-216.0,-201.0,-154.0,15.0,47.0,62.0,131223.0,3 vintage(s),2009-09-04,-29.0,-20.0
2009-09-01,-263.0,-219.0,-139.0,44.0,80.0,124.0,130947.0,3 vintage(s),2009-10-02,15.0,-28.0
2009-10-01,-190.0,-111.0,-127.0,79.0,-16.0,63.0,130848.0,3 vintage(s),2009-11-06,44.0,47.0
2009-11-01,-11.0,4.0,64.0,15.0,60.0,75.0,130996.0,3 vintage(s),2009-12-04,79.0,80.0
2009-12-01,-85.0,-150.0,-109.0,-65.0,41.0,-24.0,130910.0,3 vintage(s),2010-01-08,15.0,-16.0
2010-01-01,-20.0,-26.0,14.0,-6.0,40.0,34.0,129527.0,3 vintage(s),2010-02-05,-65.0,60.0
2010-02-01,-36.0,-14.0,39.0,22.0,53.0,75.0,129526.0,3 vintage(s),2010-03-05,-6.0,41.0
2010-03-01,162.0,230.0,208.0,68.0,-22.0,46.0,129750.0,3 vintage(s),2010-04-02,22.0,40.0
2010-04-01,290.0,290.0,313.0,0.0,23.0,23.0,130161.0,3 vintage(s),2010-05-07,68.0,53.0
2010-05-01,431.0,433.0,432.0,2.0,-1.0,1.0,130570.0,3 vintage(s),2010-06-04,0.0,-22.0
2010-06-01,-125.0,-221.0,-175.0,-96.0,46.0,-50.0,130470.0,3 vintage(s),2010-07-02,2.0,23.0
2010-07-01,-131.0,-54.0,-66.0,77.0,-12.0,65.0,130242.0,3 vintage(s),2010-08-06,-96.0,-1.0
2010-08-01,-54.0,-57.0,-1.0,-3.0,56.0,53.0,130311.0,3 vintage(s),2010-09-03,77.0,46.0
2010-09-01,-95.0,-41.0,-24.0,54.0,17.0,71.0,130201.0,3 vintage(s),2010-10-08,-3.0,-12.0
2010-10-01,151.0,172.0,210.0,21.0,38.0,59.0,130462.0,3 vintage(s),2010-11-05,54.0,56.0
2010-11-01,39.0,71.0,93.0,32.0,22.0,54.0,130539.0,3 vintage(s),2010-12-03,21.0,17.0
2010-12-01,103.0,121.0,152.0,18.0,31.0,49.0,130712.0,3 vintage(s),2011-01-07,32.0,38.0
2011-01-01,36.0,63.0,68.0,27.0,5.0,32.0,130265.0,3 vintage(s),2011-02-04,18.0,22.0
2011-02-01,192.0,194.0,235.0,2.0,41.0,43.0,130515.0,3 vintage(s),2011-03-04,27.0,31.0
2011-03-01,216.0,221.0,194.0,5.0,-27.0,-22.0,130738.0,3 vintage(s),2011-04-01,2.0,5.0
2011-04-01,244.0,232.0,217.0,-12.0,-15.0,-27.0,131028.0,3 vintage(s),2011-05-06,5.0,41.0
2011-05-01,54.0,25.0,53.0,-29.0,28.0,-1.0,131043.0,3 vintage(s),2011-06-03,-12.0,-27.0
2011-06-01,18.0,46.0,20.0,28.0,-26.0,2.0,131017.0,3 vintage(s),2011-07-08,-29.0,-15.0
2011-07-01,117.0,85.0,127.0,-32.0,42.0,10.0,131190.0,3 vintage(s),2011-08-05,28.0,28.0
2011-08-01,0.0,57.0,104.0,57.0,47.0,104.0,131132.0,3 vintage(s),2011-09-02,-32.0,-26.0
2011-09-01,103.0,158.0,210.0,55.0,52.0,107.0,131334.0,3 vintage(s),2011-10-07,57.0,42.0
2011-10-01,80.0,100.0,112.0,20.0,12.0,32.0,131516.0,3 vintage(s),2011-11-04,55.0,47.0
2011-11-01,120.0,100.0,157.0,-20.0,57.0,37.0,131708.0,3 vintage(s),2011-12-02,20.0,52.0
2011-12-01,200.0,203.0,223.0,3.0,20.0,23.0,131900.0,3 vintage(s),2012-01-06,-20.0,12.0
2012-01-01,243.0,284.0,275.0,41.0,-9.0,32.0,132409.0,3 vintage(s),2012-02-03,3.0,57.0
2012-02-01,227.0,240.0,259.0,13.0,19.0,32.0,132697.0,3 vintage(s),2012-03-09,41.0,20.0
2012-03-01,120.0,154.0,143.0,34.0,-11.0,23.0,132821.0,3 vintage(s),2012-04-06,13.0,-9.0
2012-04-01,115.0,77.0,68.0,-38.0,-9.0,-47.0,132989.0,3 vintage(s),2012-05-04,34.0,19.0
2012-05-01,69.0,77.0,87.0,8.0,10.0,18.0,133009.0,3 vintage(s),2012-06-01,-38.0,-11.0
2012-06-01,80.0,64.0,45.0,-16.0,-19.0,-35.0,133088.0,3 vintage(s),2012-07-06,8.0,-9.0
2012-07-01,163.0,141.0,181.0,-22.0,40.0,18.0,133245.0,3 vintage(s),2012-08-03,-16.0,10.0
2012-08-01,96.0,142.0,192.0,46.0,50.0,96.0,133300.0,3 vintage(s),2012-09-07,-22.0,-19.0
2012-09-01,114.0,148.0,132.0,34.0,-16.0,18.0,133500.0,3 vintage(s),2012-10-05,46.0,40.0
2012-10-01,171.0,138.0,137.0,-33.0,-1.0,-34.0,133755.0,3 vintage(s),2012-11-02,34.0,50.0
2012-11-01,146.0,161.0,247.0,15.0,86.0,101.0,133852.0,3 vintage(s),2012-12-07,-33.0,-16.0
2012-12-01,155.0,196.0,219.0,41.0,23.0,64.0,134021.0,3 vintage(s),2013-01-04,15.0,-1.0
2013-01-01,157.0,119.0,148.0,-38.0,29.0,-9.0,134825.0,3 vintage(s),2013-02-01,41.0,86.0
2013-02-01,236.0,268.0,332.0,32.0,64.0,96.0,135046.0,3 vintage(s),2013-03-08,-38.0,23.0
2013-03-01,88.0,138.0,142.0,50.0,4.0,54.0,135195.0,3 vintage(s),2013-04-05,32.0,29.0
2013-04-01,165.0,149.0,199.0,-16.0,50.0,34.0,135474.0,3 vintage(s),2013-05-03,50.0,64.0
2013-05-01,175.0,195.0,176.0,20.0,-19.0,1.0,135637.0,3 vintage(s),2013-06-07,-16.0,4.0
2013-06-01,195.0,188.0,172.0,-7.0,-16.0,-23.0,135902.0,3 vintage(s),2013-07-05,20.0,50.0
2013-07-01,162.0,104.0,89.0,-58.0,-15.0,-73.0,136038.0,3 vintage(s),2013-08-02,-7.0,-19.0
2013-08-01,169.0,193.0,238.0,24.0,45.0,69.0,136133.0,3 vintage(s),2013-09-06,-58.0,-16.0
2013-09-01,148.0,163.0,175.0,15.0,12.0,27.0,136290.0,3 vintage(s),2013-10-22,24.0,-15.0
2013-10-01,204.0,200.0,200.0,-4.0,0.0,-4.0,136554.0,3 vintage(s),2013-11-08,15.0,45.0
2013-11-01,203.0,241.0,274.0,38.0,33.0,71.0,136765.0,3 vintage(s),2013-12-06,-4.0,12.0
2013-12-01,74.0,75.0,84.0,1.0,9.0,10.0,136877.0,3 vintage(s),2014-01-10,38.0,0.0
2014-01-01,113.0,129.0,144.0,16.0,15.0,31.0,137499.0,3 vintage(s),2014-02-07,1.0,33.0
2014-02-01,175.0,197.0,222.0,22.0,25.0,47.0,137699.0,3 vintage(s),2014-03-07,16.0,9.0
2014-03-01,192.0,203.0,203.0,11.0,0.0,11.0,137928.0,3 vintage(s),2014-04-04,22.0,15.0
2014-04-01,288.0,282.0,304.0,-6.0,22.0,16.0,138252.0,3 vintage(s),2014-05-02,11.0,25.0
2014-05-01,217.0,224.0,229.0,7.0,5.0,12.0,138463.0,3 vintage(s),2014-06-06,-6.0,0.0
2014-06-01,288.0,298.0,267.0,10.0,-31.0,-21.0,138780.0,3 vintage(s),2014-07-03,7.0,22.0
2014-07-01,209.0,212.0,243.0,3.0,31.0,34.0,139004.0,3 vintage(s),2014-08-01,10.0,5.0
2014-08-01,142.0,180.0,203.0,38.0,23.0,61.0,139118.0,3 vintage(s),2014-09-05,3.0,-31.0
2014-09-01,248.0,256.0,271.0,8.0,15.0,23.0,139435.0,3 vintage(s),2014-10-03,38.0,31.0
2014-10-01,214.0,243.0,261.0,29.0,18.0,47.0,139680.0,3 vintage(s),2014-11-07,8.0,23.0
2014-11-01,321.0,353.0,423.0,32.0,70.0,102.0,140045.0,3 vintage(s),2014-12-05,29.0,15.0
2014-12-01,252.0,329.0,329.0,77.0,0.0,77.0,140347.0,3 vintage(s),2015-01-09,32.0,18.0
2015-01-01,257.0,239.0,201.0,-18.0,-38.0,-56.0,140849.0,3 vintage(s),2015-02-06,77.0,70.0
2015-02-01,295.0,264.0,266.0,-31.0,2.0,-29.0,141126.0,3 vintage(s),2015-03-06,-18.0,0.0
2015-03-01,126.0,85.0,119.0,-41.0,34.0,-7.0,141183.0,3 vintage(s),2015-04-03,-31.0,-38.0
2015-04-01,223.0,221.0,187.0,-2.0,-34.0,-36.0,141367.0,3 vintage(s),2015-05-08,-41.0,2.0
2015-05-01,280.0,254.0,260.0,-26.0,6.0,-20.0,141679.0,3 vintage(s),2015-06-05,-2.0,34.0
2015-06-01,223.0,231.0,245.0,8.0,14.0,22.0,141842.0,3 vintage(s),2015-07-02,-26.0,-34.0
2015-07-01,215.0,245.0,223.0,30.0,-22.0,8.0,142071.0,3 vintage(s),2015-08-07,8.0,6.0
2015-08-01,173.0,136.0,153.0,-37.0,17.0,-20.0,142288.0,3 vintage(s),2015-09-04,30.0,14.0
2015-09-01,142.0,137.0,145.0,-5.0,8.0,3.0,142371.0,3 vintage(s),2015-10-02,-37.0,-22.0
2015-10-01,271.0,298.0,307.0,27.0,9.0,36.0,142654.0,3 vintage(s),2015-11-06,-5.0,17.0
2015-11-01,211.0,252.0,280.0,41.0,28.0,69.0,142900.0,3 vintage(s),2015-12-04,27.0,8.0
2015-12-01,292.0,262.0,271.0,-30.0,9.0,-21.0,143242.0,3 vintage(s),2016-01-08,41.0,9.0
2016-01-01,151.0,172.0,168.0,21.0,-4.0,17.0,143288.0,3 vintage(s),2016-02-05,-30.0,28.0
2016-02-01,242.0,245.0,233.0,3.0,-12.0,-9.0,143560.0,3 vintage(s),2016-03-04,21.0,9.0
2016-03-01,215.0,208.0,186.0,-7.0,-22.0,-29.0,143774.0,3 vintage(s),2016-04-01,3.0,-4.0
2016-04-01,160.0,123.0,144.0,-37.0,21.0,-16.0,143915.0,3 vintage(s),2016-05-06,-7.0,-12.0
2016-05-01,38.0,11.0,24.0,-27.0,13.0,-14.0,143894.0,3 vintage(s),2016-06-03,-37.0,-22.0
2016-06-01,287.0,292.0,271.0,5.0,-21.0,-16.0,144175.0,3 vintage(s),2016-07-08,-27.0,21.0
2016-07-01,255.0,275.0,252.0,20.0,-23.0,-3.0,144448.0,3 vintage(s),2016-08-05,5.0,13.0
2016-08-01,151.0,167.0,176.0,16.0,9.0,25.0,144598.0,3 vintage(s),2016-09-02,20.0,-21.0
2016-09-01,156.0,191.0,208.0,35.0,17.0,52.0,144747.0,3 vintage(s),2016-10-07,16.0,-23.0
2016-10-01,161.0,142.0,135.0,-19.0,-7.0,-26.0,144952.0,3 vintage(s),2016-11-04,35.0,9.0
2016-11-01,178.0,204.0,164.0,26.0,-40.0,-14.0,145128.0,3 vintage(s),2016-12-02,-19.0,17.0
2016-12-01,156.0,157.0,155.0,1.0,-2.0,-1.0,145303.0,3 vintage(s),2017-01-06,26.0,-7.0
2017-01-01,227.0,238.0,216.0,11.0,-22.0,-11.0,145554.0,3 vintage(s),2017-02-03,1.0,-40.0
2017-02-01,235.0,219.0,232.0,-16.0,13.0,-3.0,145798.0,3 vintage(s),2017-03-10,11.0,-2.0
2017-03-01,98.0,79.0,50.0,-19.0,-29.0,-48.0,145858.0,3 vintage(s),2017-04-07,-16.0,-22.0
2017-04-01,211.0,174.0,207.0,-37.0,33.0,-4.0,146063.0,3 vintage(s),2017-05-05,-19.0,13.0
2017-05-01,138.0,152.0,145.0,14.0,-7.0,7.0,146135.0,3 vintage(s),2017-06-02,-37.0,-29.0
2017-06-01,222.0,231.0,210.0,9.0,-21.0,-12.0,146404.0,3 vintage(s),2017-07-07,14.0,33.0
2017-07-01,209.0,189.0,138.0,-20.0,-51.0,-71.0,146615.0,3 vintage(s),2017-08-04,9.0,-7.0
2017-08-01,156.0,169.0,208.0,13.0,39.0,52.0,146730.0,3 vintage(s),2017-09-01,-20.0,-21.0
2017-09-01,-33.0,18.0,38.0,51.0,20.0,71.0,146659.0,3 vintage(s),2017-10-06,13.0,-51.0
2017-10-01,261.0,244.0,211.0,-17.0,-33.0,-50.0,147010.0,3 vintage(s),2017-11-03,51.0,39.0
2017-11-01,228.0,252.0,216.0,24.0,-36.0,-12.0,147241.0,3 vintage(s),2017-12-08,-17.0,20.0
2017-12-01,148.0,160.0,175.0,12.0,15.0,27.0,147380.0,3 vintage(s),2018-01-05,24.0,-33.0
2018-01-01,200.0,239.0,176.0,39.0,-63.0,-24.0,147810.0,3 vintage(s),2018-02-02,12.0,-36.0
2018-02-01,313.0,326.0,324.0,13.0,-2.0,11.0,148177.0,3 vintage(s),2018-03-09,39.0,15.0
2018-03-01,103.0,135.0,155.0,32.0,20.0,52.0,148230.0,3 vintage(s),2018-04-06,13.0,-63.0
2018-04-01,164.0,159.0,175.0,-5.0,16.0,11.0,148424.0,3 vintage(s),2018-05-04,32.0,-2.0
2018-05-01,223.0,244.0,268.0,21.0,24.0,45.0,148662.0,3 vintage(s),2018-06-01,-5.0,20.0
2018-06-01,213.0,248.0,208.0,35.0,-40.0,-5.0,148912.0,3 vintage(s),2018-07-06,21.0,16.0
2018-07-01,157.0,147.0,165.0,-10.0,18.0,8.0,149128.0,3 vintage(s),2018-08-03,35.0,24.0
2018-08-01,201.0,270.0,286.0,69.0,16.0,85.0,149279.0,3 vintage(s),2018-09-07,-10.0,-40.0
2018-09-01,134.0,118.0,119.0,-16.0,1.0,-15.0,149500.0,3 vintage(s),2018-10-05,69.0,18.0
2018-10-01,250.0,237.0,274.0,-13.0,37.0,24.0,149750.0,3 vintage(s),2018-11-02,-16.0,16.0
2018-11-01,155.0,176.0,196.0,21.0,20.0,41.0,149893.0,3 vintage(s),2018-12-07,-13.0,1.0
2018-12-01,312.0,222.0,227.0,-90.0,5.0,-85.0,150263.0,3 vintage(s),2019-01-04,21.0,37.0
2019-01-01,304.0,311.0,312.0,7.0,1.0,8.0,150574.0,3 vintage(s),2019-02-01,-90.0,20.0
2019-02-01,20.0,33.0,56.0,13.0,23.0,36.0,150606.0,3 vintage(s),2019-03-08,7.0,5.0
2019-03-01,196.0,189.0,153.0,-7.0,-36.0,-43.0,150816.0,3 vintage(s),2019-04-05,13.0,1.0
2019-04-01,263.0,224.0,216.0,-39.0,-8.0,-47.0,151095.0,3 vintage(s),2019-05-03,-7.0,23.0
2019-05-01,75.0,72.0,62.0,-3.0,-10.0,-13.0,151095.0,3 vintage(s),2019-06-07,-39.0,-36.0
2019-06-01,224.0,193.0,178.0,-31.0,-15.0,-46.0,151308.0,3 vintage(s),2019-07-05,-3.0,-8.0
2019-07-01,164.0,159.0,166.0,-5.0,7.0,2.0,151431.0,3 vintage(s),2019-08-02,-31.0,-10.0
2019-08-01,130.0,168.0,219.0,38.0,51.0,89.0,151541.0,3 vintage(s),2019-09-06,-5.0,-15.0
2019-09-01,136.0,180.0,193.0,44.0,13.0,57.0,151722.0,3 vintage(s),2019-10-04,38.0,7.0
2019-10-01,128.0,156.0,152.0,28.0,-4.0,24.0,151945.0,3 vintage(s),2019-11-01,44.0,51.0
2019-11-01,266.0,256.0,261.0,-10.0,5.0,-5.0,152252.0,3 vintage(s),2019-12-06,28.0,13.0
2019-12-01,145.0,147.0,184.0,2.0,37.0,39.0,152383.0,3 vintage(s),2020-01-10,-10.0,-4.0
2020-01-01,225.0,273.0,214.0,48.0,-59.0,-11.0,152186.0,3 vintage(s),2020-02-07,2.0,5.0
2020-02-01,273.0,275.0,230.0,2.0,-45.0,-43.0,152544.0,3 vintage(s),2020-03-06,48.0,37.0
2020-03-01,-701.0,-870.0,-1373.0,-169.0,-503.0,-672.0,151786.0,3 vintage(s),2020-04-03,2.0,-59.0
2020-04-01,-20500.0,-20687.0,-20787.0,-187.0,-100.0,-287.0,131072.0,3 vintage(s),2020-05-08,-169.0,-45.0
2020-05-01,2509.0,2699.0,2725.0,190.0,26.0,216.0,132912.0,3 vintage(s),2020-06-05,-187.0,-503.0
2020-06-01,4800.0,4791.0,4781.0,-9.0,-10.0,-19.0,137802.0,3 vintage(s),2020-07-02,190.0,-100.0
2020-07-01,1763.0,1734.0,1761.0,-29.0,27.0,-2.0,139582.0,3 vintage(s),2020-08-07,-9.0,26.0
2020-08-01,1371.0,1489.0,1493.0,118.0,4.0,122.0,140914.0,3 vintage(s),2020-09-04,-29.0,-10.0
2020-09-01,661.0,672.0,711.0,11.0,39.0,50.0,141720.0,3 vintage(s),2020-10-02,118.0,27.0
2020-10-01,638.0,610.0,654.0,-28.0,44.0,16.0,142373.0,3 vintage(s),2020-11-06,11.0,4.0
2020-11-01,245.0,336.0,264.0,91.0,-72.0,19.0,142629.0,3 vintage(s),2020-12-04,-28.0,39.0
2020-12-01,-140.0,-227.0,-306.0,-87.0,-79.0,-166.0,142624.0,3 vintage(s),2021-01-08,91.0,44.0
2021-01-01,49.0,166.0,233.0,117.0,67.0,184.0,142631.0,3 vintage(s),2021-02-05,-87.0,-72.0
2021-02-01,379.0,468.0,536.0,89.0,68.0,157.0,143048.0,3 vintage(s),2021-03-05,117.0,-79.0
2021-03-01,916.0,770.0,785.0,-146.0,15.0,-131.0,144120.0,3 vintage(s),2021-04-02,89.0,67.0
2021-04-01,266.0,278.0,269.0,12.0,-9.0,3.0,144308.0,3 vintage(s),2021-05-07,-146.0,68.0
2021-05-01,559.0,583.0,614.0,24.0,31.0,55.0,144894.0,3 vintage(s),2021-06-04,12.0,15.0
2021-06-01,850.0,938.0,962.0,88.0,24.0,112.0,145759.0,3 vintage(s),2021-07-02,24.0,-9.0
2021-07-01,943.0,1053.0,1091.0,110.0,38.0,148.0,146821.0,3 vintage(s),2021-08-06,88.0,31.0
2021-08-01,235.0,366.0,483.0,131.0,117.0,248.0,147190.0,3 vintage(s),2021-09-03,110.0,24.0
2021-09-01,194.0,312.0,379.0,118.0,67.0,185.0,147553.0,3 vintage(s),2021-10-08,131.0,38.0
2021-10-01,531.0,546.0,648.0,15.0,102.0,117.0,148319.0,3 vintage(s),2021-11-05,118.0,117.0
2021-11-01,210.0,249.0,647.0,39.0,398.0,437.0,148611.0,3 vintage(s),2021-12-03,15.0,67.0
2021-12-01,199.0,510.0,588.0,311.0,78.0,389.0,148951.0,3 vintage(s),2022-01-07,39.0,102.0
2022-01-01,467.0,481.0,504.0,14.0,23.0,37.0,149629.0,3 vintage(s),2022-02-04,311.0,398.0
2022-02-01,678.0,750.0,714.0,72.0,-36.0,36.0,150399.0,3 vintage(s),2022-03-04,14.0,78.0
2022-03-01,431.0,428.0,398.0,-3.0,-30.0,-33.0,150925.0,3 vintage(s),2022-04-01,72.0,23.0
2022-04-01,428.0,436.0,368.0,8.0,-68.0,-60.0,151314.0,3 vintage(s),2022-05-06,-3.0,-36.0
2022-05-01,390.0,384.0,386.0,-6.0,2.0,-4.0,151682.0,3 vintage(s),2022-06-03,8.0,-30.0
2022-06-01,372.0,398.0,293.0,26.0,-105.0,-79.0,151980.0,3 vintage(s),2022-07-08,-6.0,-68.0
2022-07-01,528.0,526.0,537.0,-2.0,11.0,9.0,152536.0,3 vintage(s),2022-08-05,26.0,2.0
2022-08-01,315.0,315.0,292.0,0.0,-23.0,-23.0,152744.0,3 vintage(s),2022-09-02,-2.0,-105.0
2022-09-01,263.0,315.0,269.0,52.0,-46.0,6.0,153018.0,3 vintage(s),2022-10-07,0.0,11.0
2022-10-01,261.0,284.0,263.0,23.0,-21.0,2.0,153308.0,3 vintage(s),2022-11-04,52.0,-23.0
2022-11-01,263.0,256.0,290.0,-7.0,34.0,27.0,153548.0,3 vintage(s),2022-12-02,23.0,-46.0
2022-12-01,223.0,260.0,239.0,37.0,-21.0,16.0,153743.0,3 vintage(s),2023-01-06,-7.0,-21.0
2023-01-01,517.0,504.0,472.0,-13.0,-32.0,-45.0,155073.0,3 vintage(s),2023-02-03,37.0,34.0
2023-02-01,311.0,326.0,248.0,15.0,-78.0,-63.0,155350.0,3 vintage(s),2023-03-10,-13.0,-21.0
2023-03-01,236.0,165.0,217.0,-71.0,52.0,-19.0,155569.0,3 vintage(s),2023-04-07,15.0,-32.0
2023-04-01,253.0,294.0,217.0,41.0,-77.0,-36.0,155673.0,3 vintage(s),2023-05-05,-71.0,-78.0
2023-05-01,339.0,306.0,281.0,-33.0,-25.0,-58.0,156105.0,3 vintage(s),2023-06-02,41.0,52.0
2023-06-01,209.0,185.0,105.0,-24.0,-80.0,-104.0,156204.0,3 vintage(s),2023-07-07,-33.0,-77.0
2023-07-01,187.0,157.0,236.0,-30.0,79.0,49.0,156342.0,3 vintage(s),2023-08-04,-24.0,-25.0
2023-08-01,187.0,227.0,165.0,40.0,-62.0,-22.0,156419.0,3 vintage(s),2023-09-01,-30.0,-80.0
2023-09-01,336.0,297.0,262.0,-39.0,-35.0,-74.0,156874.0,3 vintage(s),2023-10-06,40.0,79.0
2023-10-01,150.0,150.0,105.0,0.0,-45.0,-45.0,156923.0,3 vintage(s),2023-11-03,-39.0,-62.0
2023-11-01,199.0,173.0,182.0,-26.0,9.0,-17.0,157087.0,3 vintage(s),2023-12-08,0.0,-35.0
2023-12-01,216.0,333.0,290.0,117.0,-43.0,74.0,157232.0,3 vintage(s),2024-01-05,-26.0,-45.0
2024-01-01,353.0,229.0,256.0,-124.0,27.0,-97.0,157700.0,3 vintage(s),2024-02-02,117.0,9.0
2024-02-01,275.0,270.0,236.0,-5.0,-34.0,-39.0,157808.0,3 vintage(s),2024-03-08,-124.0,-43.0
2024-03-01,303.0,315.0,310.0,12.0,-5.0,7.0,158133.0,3 vintage(s),2024-04-05,-5.0,27.0
2024-04-01,175.0,165.0,108.0,-10.0,-57.0,-67.0,158286.0,3 vintage(s),2024-05-03,12.0,-34.0
2024-05-01,272.0,218.0,216.0,-54.0,-2.0,-56.0,158543.0,3 vintage(s),2024-06-07,-10.0,-5.0
2024-06-01,206.0,179.0,118.0,-27.0,-61.0,-88.0,158638.0,3 vintage(s),2024-07-05,-54.0,-57.0
2024-07-01,114.0,89.0,144.0,-25.0,55.0,30.0,158723.0,3 vintage(s),2024-08-02,-27.0,-2.0
2024-08-01,142.0,159.0,78.0,17.0,-81.0,-64.0,158779.0,3 vintage(s),2024-09-06,-25.0,-61.0
2024-09-01,254.0,223.0,255.0,-31.0,32.0,1.0,159105.0,3 vintage(s),2024-10-04,17.0,55.0
2024-10-01,12.0,36.0,43.0,24.0,7.0,31.0,159005.0,3 vintage(s),2024-11-01,-31.0,-81.0
2024-11-01,227.0,212.0,261.0,-15.0,49.0,34.0,159288.0,3 vintage(s),2024-12-06,24.0,32.0
2024-12-01,256.0,307.0,323.0,51.0,16.0,67.0,159536.0,3 vintage(s),2025-01-10,-15.0,7.0
2025-01-01,143.0,125.0,111.0,-18.0,-14.0,-32.0,159069.0,3 vintage(s),2025-02-07,51.0,49.0
2025-02-01,151.0,117.0,102.0,-34.0,-15.0,-49.0,159218.0,3 vintage(s),2025-03-07,-18.0,16.0
2025-03-01,228.0,185.0,120.0,-43.0,-65.0,-108.0,159398.0,3 vintage(s),2025-04-04,-34.0,-14.0
2025-04-01,177.0,147.0,158.0,-30.0,11.0,-19.0,159517.0,3 vintage(s),2025-05-02,-43.0,-15.0
2025-05-01,139.0,144.0,19.0,5.0,-125.0,-120.0,159561.0,3 vintage(s),2025-06-06,-30.0,-65.0
2025-06-01,147.0,14.0,-13.0,-133.0,-27.0,-160.0,159724.0,3 vintage(s),2025-07-03,5.0,11.0
2025-07-01,73.0,79.0,,6.0,,,159539.0,2 vintage(s),2025-08-01,-133.0,-125.0
2025-08-01,22.0,,,,,,159540.0,1 vintage(s),2025-09-05,6.0,-27.0
